{
  "offset": -0.02882351726293564,
  "is_canadian": -2.888939380645752,
  "has_metal_tracks": 2.4931280612945557,
  "has_shoes": 1.4217506647109985,
  "has_thumb": 0.18135471642017365,
  "n_buckets": -1.1994330883026123,
  "has_closed_cab": -3.7277283668518066,
  "sale_year": 4.725691318511963,
  "engine_hp": 26.351886749267578,
  "engine_hp_exp": -1.0497761964797974,
  "mass": -0.33132702112197876,
  "mass_exp": 1.87403404712677,
  "condition": 13.007140159606934,
  "hours_exp": -0.00463090930134058,
  "is_sold": -0.09277378022670746,
  "age_exp": -0.1161000058054924,
  "scale_factor": -0.1378445029258728,
  "makes": [
    0.06880129128694534,
    -0.3046310245990753,
    0.06260839104652405,
    0.12360534071922302,
    0.06413033604621887,
    0.08891144394874573,
    -0.02793426252901554,
    -0.09969667345285416,
    0.13185591995716095,
    -0.08682209253311157,
    -0.07159370929002762,
    0.0485742911696434,
    0.154070183634758,
    0.06932216137647629,
    -0.17490020394325256,
    -0.06702899187803268,
    -0.05696498602628708,
    0.07634053379297256
  ]
}