{
  "offset": -61.68857192993164,
  "length": -6.710267066955566,
  "length2": -0.7616652250289917,
  "width": 4.678497791290283,
  "width2": -0.04293334484100342,
  "capacity": -0.014976050704717636,
  "capacity2": 0.15355156362056732,
  "dealer": -121.68160247802734,
  "no_reg": -548.5550537109375,
  "winch": 17.388269424438477,
  "age": -14.51822566986084,
  "age_exp": 0.029754556715488434,
  "rust_resistance": 510.62255859375
}