{
  "offset": 293.19140625,
  "length": -8.3865327835083,
  "length2": 0.6487987637519836,
  "width": -7.451503276824951,
  "width2": 0.055183928459882736,
  "capacity": 0.010145076550543308,
  "capacity2": -0.2637583613395691,
  "dealer": 53.83319091796875,
  "no_reg": -339.9048156738281,
  "winch": -25.65938949584961,
  "age": 35.15968322753906,
  "age_exp": 0.028124384582042694,
  "rust_resistance": 674.365234375
}