{
  "offset": -18.91927719116211,
  "length": 1.593398928642273,
  "length2": -1.166670322418213,
  "width": 2.121426582336426,
  "width2": -0.026278525590896606,
  "capacity": -0.021647242829203606,
  "capacity2": 0.24650298058986664,
  "dealer": -142.38011169433594,
  "no_reg": -235.38467407226562,
  "winch": 30.914215087890625,
  "age": -12.514656066894531,
  "age_exp": 0.03299756720662117,
  "rust_resistance": 220.44068908691406
}