{
  "offset": 63.71869659423828,
  "displacement": 0.08893324434757233,
  "mileage": -0.08872079849243164,
  "sold_by_dealer": 28.912260055541992,
  "has_winch": 12.366768836975098,
  "repairs_needed": -14.199670791625977,
  "age": 87.80880737304688,
  "age_exp": 0.0332261361181736,
  "is_2wd": -18.407085418701172
}